term,average_tf,idf,tf_idf,frequency,document_frequency
abdihafid,0.00015169902912621358,4.634728988229636,0.0007030838877775539,1,1
abdishakur,0.00015169902912621358,4.634728988229636,0.0007030838877775539,1,1
abuse,0.0004625502902984895,3.9415818076696905,0.0018231798093728603,2,2
academic,0.0005711022272986865,4.634728988229636,0.0026469040481037326,1,1
access,0.00030332514355445734,3.9415818076696905,0.0011955808676430463,2,2
accident,0.0016181229773462782,4.634728988229636,0.007499561469627242,1,1
accord,0.0007955320323408124,3.9415818076696905,0.003135654586093042,2,2
account,0.00017979144192736425,4.634728988229636,0.0008332846077363603,1,1
action,0.00088261253309797,4.634728988229636,0.0040906698925239505,1,1
activism,0.00014490653528474135,4.634728988229636,0.0006716025196681113,1,1
advocate,0.0007416396979503776,3.9415818076696905,0.0029232335412868525,2,2
aerial,0.0017114762260393326,3.9415818076696905,0.006745923556815812,3,2
afflict,0.00017979144192736425,4.634728988229636,0.0008332846077363603,1,1
africa,0.00020226537216828477,4.634728988229636,0.0009374451837034052,1,1
african,0.0002157497303128371,4.634728988229636,0.0009999415292836324,1,1
afternoon,0.00017337031900138694,4.634728988229636,0.0008035244431743473,1,1
agency,0.00016181229773462783,4.634728988229636,0.0007499561469627243,1,1
ago,0.00029420417769932336,4.634728988229636,0.001363556630841317,2,1
aid,0.001779935275080906,3.9415818076696905,0.007015760499088445,2,2
air,0.0004045307443365696,3.9415818076696905,0.0015944910225201014,2,2
aircraft,0.0019313080697358806,3.9415818076696905,0.007612408752676613,2,2
airline,0.0003595828838547285,4.634728988229636,0.0016665692154727205,2,1
airliner,0.0006472491909385113,4.634728988229636,0.002999824587850897,1,1
airport,0.0013664149586479681,3.9415818076696905,0.005385836342734564,5,2
alarming,0.00014490653528474135,4.634728988229636,0.0006716025196681113,1,1
ali,0.00036636746656896867,4.634728988229636,0.001698013917651451,2,1
allege,0.0005711022272986865,4.634728988229636,0.0026469040481037326,1,1
alleged,0.0002987303958177745,4.634728988229636,0.0013845344251619525,2,1
allegedly,0.00015169902912621358,4.634728988229636,0.0007030838877775539,1,1
ally,0.0002157497303128371,4.634728988229636,0.0009999415292836324,1,1
altman,0.0007468259895444362,4.634728988229636,0.0034613360629048816,1,1
american,0.0005109862033725089,4.634728988229636,0.002368282569355971,1,1
amid,0.00014936519790888724,4.634728988229636,0.0006922672125809763,1,1
ammunition,0.00012608750472828143,4.634728988229636,0.0005843814132177073,1,1
andrea,0.00026968716289104636,4.634728988229636,0.0012499269116045403,2,1
andris,0.00031318509238960227,4.634728988229636,0.0014515280263794664,1,1
angeles,0.00017979144192736425,4.634728988229636,0.0008332846077363603,1,1
anger,0.0006067961165048543,4.634728988229636,0.0028123355511102156,1,1
animal,0.00031318509238960227,4.634728988229636,0.0014515280263794664,1,1
announce,0.0012810140237324704,3.9415818076696905,0.005049221571313655,2,2
anstee,0.00020226537216828477,4.634728988229636,0.0009374451837034052,1,1
answer,0.0019417475728155341,4.634728988229636,0.008999473763552692,1,1
anti,0.00031318509238960227,4.634728988229636,0.0014515280263794664,1,1
antisemitic,0.0002987303958177745,4.634728988229636,0.0013845344251619525,2,1
anton,0.0012135922330097086,4.634728988229636,0.005624671102220431,1,1
app,0.0002842087793544104,3.9415818076696905,0.0011202321542833533,2,2
appalling,0.0005109862033725089,4.634728988229636,0.002368282569355971,1,1
appointment,0.0006472491909385113,4.634728988229636,0.002999824587850897,1,1
april,0.00020226537216828477,4.634728988229636,0.0009374451837034052,1,1
area,0.00014710208884966168,4.634728988229636,0.0006817783154206585,1,1
argentina,0.00029420417769932336,4.634728988229636,0.001363556630841317,2,1
argue,0.00012608750472828143,4.634728988229636,0.0005843814132177073,1,1
armed,0.0033489249636413664,3.248434627109745,0.010878763815484858,4,4
armenia,0.0013869625520110955,4.634728988229636,0.006428195545394778,1,1
armistice,0.0009708737864077671,4.634728988229636,0.004499736881776346,1,1
army,0.0005933117583603021,3.9415818076696905,0.002338586833029482,3,2
arrest,0.0017736927814190255,3.0252910757955354,0.005365936942829939,6,5
arrive,0.0008090614886731391,4.634728988229636,0.003749780734813621,2,1
arrowe,0.0003595828838547285,4.634728988229636,0.0016665692154727205,2,1
artery,0.0010787486515641855,4.634728988229636,0.004999707646418161,1,1
ash,0.0004045307443365696,3.9415818076696905,0.0015944910225201014,2,2
assassinate,0.00012608750472828143,4.634728988229636,0.0005843814132177073,1,1
assassination,0.00012608750472828143,4.634728988229636,0.0005843814132177073,1,1
assault,0.0015386615811373093,3.9415818076696905,0.006064760496371099,2,2
assemble,0.00012608750472828143,4.634728988229636,0.0005843814132177073,1,1
assist,0.00013299640909695436,4.634728988229636,0.000616402312572102,1,1
atlantic,0.00016181229773462783,4.634728988229636,0.0007499561469627243,1,1
attack,0.041170765438101393,1.2335316065674804,0.05078544043447411,34,30
attend,0.00014710208884966168,4.634728988229636,0.0006817783154206585,1,1
attract,0.0005711022272986865,4.634728988229636,0.0026469040481037326,1,1
australia,0.0012135922330097086,3.9415818076696905,0.004783473067560304,2,2
australians,0.0006067961165048543,4.634728988229636,0.0028123355511102156,1,1
authority,0.0006115889690001939,3.248434627109745,0.0019867067844585784,4,4
baba,0.0009708737864077671,4.634728988229636,0.004499736881776346,1,1
baby,0.0006067961165048543,4.634728988229636,0.0028123355511102156,1,1
bailey,0.00013299640909695436,4.634728988229636,0.000616402312572102,1,1
baltic,0.0045938558779147565,3.0252910757955354,0.013897751190946377,5,5
bank,0.0015329586101175267,3.9415818076696905,0.006042281769549857,5,2
barre,0.00015169902912621358,4.634728988229636,0.0007030838877775539,1,1
baton,0.00018318373328448433,4.634728988229636,0.0008490069588257255,1,1
bbc,0.001526777325399311,3.5361166995615263,0.005398862796856386,3,3
bear,0.0006263701847792045,4.634728988229636,0.002903056052758933,2,1
beat,0.0010431785195936139,3.5361166995615263,0.003688800983758849,5,3
beating,0.0002898130705694827,4.634728988229636,0.0013432050393362225,2,1
begin,0.0003701588510269264,3.9415818076696905,0.001459011393155648,2,2
belazs,0.0007468259895444362,4.634728988229636,0.0034613360629048816,1,1
bethlehem,0.0005711022272986865,4.634728988229636,0.0026469040481037326,1,1
bill,0.00013299640909695436,4.634728988229636,0.000616402312572102,1,1
birthday,0.00014710208884966168,4.634728988229636,0.0006817783154206585,1,1
biu,0.00013299640909695436,4.634728988229636,0.000616402312572102,1,1
blast,0.0005711022272986865,4.634728988229636,0.0026469040481037326,1,1
blister,0.00013484358144552318,4.634728988229636,0.0006249634558022701,1,1
board,0.000382056814095649,3.9415818076696905,0.001505908187935651,2,2
boat,0.0007468259895444362,4.634728988229636,0.0034613360629048816,1,1
body,0.0014279225572020667,3.5361166995615263,0.005049300800202827,6,3
bombard,0.0016181229773462782,4.634728988229636,0.007499561469627242,1,1
book,0.00088261253309797,4.634728988229636,0.0040906698925239505,1,1
border,0.0023578363384188627,3.9415818076696905,0.009293604816974305,2,2
bounty,0.00013299640909695436,4.634728988229636,0.000616402312572102,1,1
boy,0.0016181229773462784,3.9415818076696905,0.006377964090080406,2,2
breach,0.0005711022272986865,4.634728988229636,0.0026469040481037326,1,1
break,0.002884763564375215,3.248434627109745,0.00937096585354098,4,4
brigade,0.0012135922330097086,4.634728988229636,0.005624671102220431,1,1
bring,0.00017032873445750298,4.634728988229636,0.0007894275231186571,1,1
britain,0.00032362459546925567,4.634728988229636,0.0014999122939254486,2,1
british,0.0014111020418570703,2.842969519001581,0.004011720093200544,8,6
briton,0.000774689595363496,3.5361166995615263,0.00273939281514142,4,3
buddhist,0.001142204454597373,4.634728988229636,0.005293808096207465,2,1
budimaya,0.00013484358144552318,4.634728988229636,0.0006249634558022701,1,1
build,0.0019417475728155341,4.634728988229636,0.008999473763552692,1,1
building,0.0030453904240312006,3.248434627109745,0.009892751706491381,5,4
bulbul,0.00030339805825242716,4.634728988229636,0.0014061677755551078,2,1
bureaucracy,0.00017032873445750298,4.634728988229636,0.0007894275231186571,1,1
burial,0.0006067961165048543,4.634728988229636,0.0028123355511102156,1,1
bury,0.0005109862033725089,4.634728988229636,0.002368282569355971,1,1
buy,0.00017337031900138694,4.634728988229636,0.0008035244431743473,1,1
cabinet,0.0006472491909385113,4.634728988229636,0.002999824587850897,1,1
call,0.002830250845670606,3.248434627109745,0.009193884850483036,5,4
canada,0.00020226537216828477,4.634728988229636,0.0009374451837034052,1,1
canadian,0.00020226537216828477,4.634728988229636,0.0009374451837034052,1,1
canary,0.00017979144192736425,4.634728988229636,0.0008332846077363603,1,1
canvas,0.0005711022272986865,4.634728988229636,0.0026469040481037326,1,1
cap,0.0002157497303128371,4.634728988229636,0.0009999415292836324,1,1
capital,0.00015169902912621358,4.634728988229636,0.0007030838877775539,1,1
captivity,0.0009708737864077671,4.634728988229636,0.004499736881776346,1,1
capture,0.0017884517118037812,3.9415818076696905,0.0070493287311415,2,2
car,0.0032362459546925564,3.5361166995615263,0.011443743364276783,3,3
care,0.0007517026517895957,3.9415818076696905,0.0029628974970709347,4,2
cargo,0.0010219724067450178,4.634728988229636,0.004736565138711942,2,1
caribbean,0.00012608750472828143,4.634728988229636,0.0005843814132177073,1,1
carpathian,0.00033478406427854036,4.634728988229636,0.0015516334075090848,1,1
carry,0.0017361006743014016,3.248434627109745,0.005639609546549251,4,4
case,0.001565959802418668,3.248434627109745,0.005086918046838736,7,4
casualty,0.002831715210355987,3.9415818076696905,0.011161437157640708,2,2
cat,0.0006472491909385113,4.634728988229636,0.002999824587850897,1,1
catch,0.00016181229773462783,4.634728988229636,0.0007499561469627243,1,1
cause,0.0030133594901096176,3.248434627109745,0.009788701311601847,5,4
cave,0.0005711022272986865,4.634728988229636,0.0026469040481037326,1,1
cctv,0.00018318373328448433,4.634728988229636,0.0008490069588257255,1,1
ceasefire,0.0029126213592233015,3.9415818076696905,0.011480335362144732,2,2
cell,0.00018318373328448433,4.634728988229636,0.0008490069588257255,1,1
centre,0.00034206643822577574,3.9415818076696905,0.0013482828499250857,2,2
charge,0.0015547559236879626,3.5361166995615263,0.00549779838549521,4,3
charter,0.00019036740909956216,4.634728988229636,0.0008823013493679108,1,1
chernihiv,0.00033478406427854036,4.634728988229636,0.0015516334075090848,1,1
chernobyl,0.0010219724067450178,4.634728988229636,0.004736565138711942,2,1
chi,0.00013299640909695436,4.634728988229636,0.000616402312572102,1,1
chief,0.0005711022272986865,4.634728988229636,0.0026469040481037326,1,1
child,0.0022924890643337245,3.248434627109745,0.007447000858852091,6,4
china,0.00031278785102431864,3.9415818076696905,0.0012328789032575516,2,2
chinese,0.0002659928181939087,4.634728988229636,0.001232804625144204,2,1
chung,0.00013299640909695436,4.634728988229636,0.000616402312572102,1,1
citizen,0.0006758043023034456,3.9415818076696905,0.002663737943504169,2,2
city,0.0012135922330097086,3.9415818076696905,0.004783473067560304,2,2
civilian,0.0014521616463364037,3.9415818076696905,0.005723813926995235,2,2
cleaver,0.0006067961165048543,4.634728988229636,0.0028123355511102156,1,1
cliff,0.0002157497303128371,4.634728988229636,0.0009999415292836324,1,1
cloud,0.00024271844660194176,4.634728988229636,0.0011249342204440866,1,1
club,0.00014936519790888724,4.634728988229636,0.0006922672125809763,1,1
coast,0.001237722137057855,3.9415818076696905,0.004878583058377292,3,2
colleague,0.00015169902912621358,4.634728988229636,0.0007030838877775539,1,1
colombian,0.00012608750472828143,4.634728988229636,0.0005843814132177073,1,1
columbia,0.00020226537216828477,4.634728988229636,0.0009374451837034052,1,1
column,0.00016181229773462783,4.634728988229636,0.0007499561469627243,1,1
come,0.0009420578977700935,3.5361166995615263,0.0033312266642586525,3,3
commander,0.00016181229773462783,4.634728988229636,0.0007499561469627243,1,1
comment,0.0004480955937266617,4.634728988229636,0.002076801637742929,3,1
community,0.001967490438364225,3.5361166995615263,0.006957275795327364,3,3
comrade,0.0009708737864077671,4.634728988229636,0.004499736881776346,1,1
con,0.00031318509238960227,4.634728988229636,0.0014515280263794664,1,1
concern,0.00013299640909695436,4.634728988229636,0.000616402312572102,1,1
condemn,0.0005109862033725089,4.634728988229636,0.002368282569355971,1,1
condition,0.00014490653528474135,4.634728988229636,0.0006716025196681113,1,1
conduct,0.0005711022272986865,4.634728988229636,0.0026469040481037326,1,1
confinement,0.0002898130705694827,4.634728988229636,0.0013432050393362225,2,1
confirm,0.0002948087068315822,3.9415818076696905,0.0011620126355899917,2,2
consequence,0.0033980582524271844,3.9415818076696905,0.013393724589168852,2,2
conspiracy,0.00012608750472828143,4.634728988229636,0.0005843814132177073,1,1
constant,0.00014490653528474135,4.634728988229636,0.0006716025196681113,1,1
contact,0.00014710208884966168,4.634728988229636,0.0006817783154206585,1,1
contest,0.0005711022272986865,4.634728988229636,0.0026469040481037326,1,1
continue,0.001680381066492814,3.5361166995615263,0.005942023550852247,5,3
control,0.0017846944603083954,3.9415818076696905,0.0070345192170004475,2,2
convict,0.0006846292422831857,3.5361166995615263,0.002420928896645727,5,3
conviction,0.0002659928181939087,4.634728988229636,0.001232804625144204,2,1
cooperate,0.0003734129947722181,4.634728988229636,0.0017306680314524408,1,1
costly,0.0007468259895444362,4.634728988229636,0.0034613360629048816,1,1
cottage,0.00017337031900138694,4.634728988229636,0.0008035244431743473,1,1
council,0.0010787486515641855,4.634728988229636,0.004999707646418161,1,1
counter,0.00015169902912621358,4.634728988229636,0.0007030838877775539,1,1
country,0.003282916674342772,3.0252910757955354,0.009931778517469547,7,5
county,0.00017337031900138694,4.634728988229636,0.0008035244431743473,1,1
course,0.00016181229773462783,4.634728988229636,0.0007499561469627243,1,1
court,0.0014102402451917015,3.5361166995615263,0.004986774081416117,5,3
cover,0.0007999944202655953,3.5361166995615263,0.0028288736290572134,4,3
covid,0.00017979144192736425,4.634728988229636,0.0008332846077363603,1,1
crew,0.0005605262601264886,3.9415818076696905,0.002209360109635696,3,2
crime,0.0013731961743236407,3.9415818076696905,0.0054125650590756795,4,2
criminal,0.00013299640909695436,4.634728988229636,0.000616402312572102,1,1
critical,0.00014490653528474135,4.634728988229636,0.0006716025196681113,1,1
cruise,0.0025786851957611523,2.842969519001581,0.0073311234106495805,10,6
cultural,0.0006067961165048543,4.634728988229636,0.0028123355511102156,1,1
cunha,0.00032362459546925567,4.634728988229636,0.0014999122939254486,2,1
cyber,0.0005711022272986865,4.634728988229636,0.0026469040481037326,1,1
daily,0.0002842087793544104,3.9415818076696905,0.0011202321542833533,2,2
damage,0.0052663086643669164,3.0252910757955354,0.015932116604693937,5,5
danger,0.0006067961165048543,4.634728988229636,0.0028123355511102156,1,1
daughter,0.00017337031900138694,4.634728988229636,0.0008035244431743473,1,1
david,0.00020226537216828477,4.634728988229636,0.0009374451837034052,1,1
day,0.009383640248057629,2.33214389523559,0.021883999319594574,11,10
dead,0.0013077431000272084,3.0252910757955354,0.003956303529945502,5,5
deadly,0.0005948981534361317,3.9415818076696905,0.002344839739000149,3,2
deal,0.00016181229773462783,4.634728988229636,0.0007499561469627243,1,1
death,0.005072441326912456,2.5552874465497997,0.012961545646019807,9,8
debate,0.0007397925256018088,3.9415818076696905,0.0029159527603621034,2,2
decade,0.00029200862413440303,3.9415818076696905,0.0011509758805708194,2,2
deceased,0.00017032873445750298,4.634728988229636,0.0007894275231186571,1,1
decision,0.00020226537216828477,4.634728988229636,0.0009374451837034052,1,1
declaration,0.0010787486515641855,4.634728988229636,0.004999707646418161,1,1
defender,0.003005085529357374,3.9415818076696905,0.011844790453006467,2,2
defense,0.0023265178291799024,3.9415818076696905,0.009170160350714683,4,2
defiance,0.00016181229773462783,4.634728988229636,0.0007499561469627243,1,1
defuse,0.0008442380751371887,4.634728988229636,0.003912814679805518,2,1
dehumanisation,0.0005109862033725089,4.634728988229636,0.002368282569355971,1,1
deliberately,0.00088261253309797,4.634728988229636,0.0040906698925239505,1,1
demolish,0.00020226537216828477,4.634728988229636,0.0009374451837034052,1,1
demonstrate,0.00018318373328448433,4.634728988229636,0.0008490069588257255,1,1
denver,0.001186623516720604,3.9415818076696905,0.004677173666058963,4,2
deployment,0.00031318509238960227,4.634728988229636,0.0014515280263794664,1,1
deprivation,0.00014490653528474135,4.634728988229636,0.0006716025196681113,1,1
describe,0.0003280902685692256,3.9415818076696905,0.0012931946338659225,2,2
despite,0.002863443111872581,3.248434627109745,0.009301707757365775,4,4
detail,0.00042280947966643706,3.9415818076696905,0.0016665381531635161,3,2
detailed,0.00014710208884966168,4.634728988229636,0.0006817783154206585,1,1
detain,0.0010502240477968635,3.9415818076696905,0.004139544000773341,4,2
determine,0.00042211903756859433,4.634728988229636,0.001956407339902759,1,1
device,0.0008442380751371887,4.634728988229636,0.003912814679805518,2,1
die,0.004865926953305594,3.0252910757955354,0.014720845387308371,7,5
dig,0.0005109862033725089,4.634728988229636,0.002368282569355971,1,1
discharge,0.00013484358144552318,4.634728988229636,0.0006249634558022701,1,1
discover,0.00013299640909695436,4.634728988229636,0.000616402312572102,1,1
discussion,0.0006472491909385113,4.634728988229636,0.002999824587850897,1,1
disembark,0.00016181229773462783,4.634728988229636,0.0007499561469627243,1,1
dismissal,0.00088261253309797,4.634728988229636,0.0040906698925239505,1,1
disrupt,0.0005711022272986865,4.634728988229636,0.0026469040481037326,1,1
dissident,0.00013299640909695436,4.634728988229636,0.000616402312572102,1,1
district,0.003852673755586377,3.5361166995615263,0.01362350400509141,3,3
disturbing,0.00014490653528474135,4.634728988229636,0.0006716025196681113,1,1
dnipropetrovsk,0.008875967613831692,2.842969519001581,0.025234105377768695,7,6
dnr,0.0003734129947722181,4.634728988229636,0.0017306680314524408,1,1
doctor,0.00013484358144552318,4.634728988229636,0.0006249634558022701,1,1
document,0.0022359517505148576,3.9415818076696905,0.008813186742656562,3,2
dog,0.00031318509238960227,4.634728988229636,0.0014515280263794664,1,1
donetsk,0.0015870052277819268,3.9415818076696905,0.006255310934501936,2,2
dozen,0.0016799614815034578,3.248434627109745,0.00545724504872642,5,4
draa,0.0002157497303128371,4.634728988229636,0.0009999415292836324,1,1
driver,0.00018318373328448433,4.634728988229636,0.0008490069588257255,1,1
drone,0.04405479831299313,1.0793809267402221,0.0475519090304321,38,35
drop,0.00016181229773462783,4.634728988229636,0.0007499561469627243,1,1
drought,0.0019417475728155341,4.634728988229636,0.008999473763552692,1,1
dsem,0.0010787486515641855,4.634728988229636,0.004999707646418161,1,1
dukono,0.0009708737864077671,3.9415818076696905,0.0038267784540482433,5,2
early,0.0003135113268608414,3.9415818076696905,0.0012357305424530783,2,2
eby,0.00020226537216828477,4.634728988229636,0.0009374451837034052,1,1
electric,0.0012944983818770227,4.634728988229636,0.005999649175701794,2,1
electronic,0.00088261253309797,4.634728988229636,0.0040906698925239505,1,1
eliminate,0.00033478406427854036,4.634728988229636,0.0015516334075090848,1,1
email,0.0002842087793544104,3.9415818076696905,0.0011202321542833533,2,2
emblematic,0.0005109862033725089,4.634728988229636,0.002368282569355971,1,1
embolden,0.00012608750472828143,4.634728988229636,0.0005843814132177073,1,1
employee,0.0024723473880346645,3.5361166995615263,0.008742508885946697,3,3
employer,0.00088261253309797,4.634728988229636,0.0040906698925239505,1,1
employment,0.00088261253309797,4.634728988229636,0.0040906698925239505,1,1
enemy,0.007239173986746802,3.0252910757955354,0.021900608458236288,5,5
engine,0.00017979144192736425,4.634728988229636,0.0008332846077363603,1,1
enter,0.0003233638181965165,3.9415818076696905,0.0012745649430619987,2,2
err,0.0009708737864077671,4.634728988229636,0.004499736881776346,1,1
erupt,0.0004045307443365696,3.9415818076696905,0.0015944910225201014,2,2
eruption,0.0008090614886731392,3.9415818076696905,0.003188982045040203,4,2
escort,0.0006263701847792045,4.634728988229636,0.002903056052758933,2,1
estonia,0.0024271844660194173,3.9415818076696905,0.009566946135120607,2,2
evacuate,0.0029142077542991304,2.842969519001581,0.008285003817510475,10,6
evening,0.00028469543822316794,3.9415818076696905,0.001122150360026989,2,2
evidence,0.00014710208884966168,4.634728988229636,0.0006817783154206585,1,1
evika,0.00031318509238960227,4.634728988229636,0.0014515280263794664,1,1
exclusion,0.0008457702676510492,3.9415818076696905,0.0033336727004413006,2,2
exclusive,0.0003280902685692256,3.9415818076696905,0.0012931946338659225,2,2
exclusively,0.0006067961165048543,4.634728988229636,0.0028123355511102156,1,1
exercise,0.0004314994606256742,4.634728988229636,0.001999883058567265,2,1
exiled,0.00013299640909695436,4.634728988229636,0.000616402312572102,1,1
expedition,0.00020226537216828477,4.634728988229636,0.0009374451837034052,1,1
expense,0.0019417475728155341,4.634728988229636,0.008999473763552692,1,1
expert,0.0028317152103559872,3.5361166995615263,0.010013275443742187,3,3
explain,0.0006067961165048543,4.634728988229636,0.0028123355511102156,1,1
explosion,0.0014936519790888724,3.9415818076696905,0.0058873514677665285,2,2
explosive,0.0014153403024358753,3.9415818076696905,0.005578679587742964,3,2
expose,0.00031318509238960227,4.634728988229636,0.0014515280263794664,1,1
exposure,0.00014710208884966168,4.634728988229636,0.0006817783154206585,1,1
extinguish,0.0010219724067450178,4.634728988229636,0.004736565138711942,2,1
extract,0.00014490653528474135,4.634728988229636,0.0006716025196681113,1,1
face,0.00024271844660194176,4.634728988229636,0.0011249342204440866,1,1
facility,0.000515450464557887,3.9415818076696905,0.002031690173856258,2,2
fall,0.0006263701847792045,4.634728988229636,0.002903056052758933,2,1
family,0.001290645708121436,3.248434627109745,0.0041925782095922496,5,4
fatally,0.00017979144192736425,4.634728988229636,0.0008332846077363603,1,1
fate,0.0013869625520110955,4.634728988229636,0.006428195545394778,1,1
father,0.0005109862033725089,4.634728988229636,0.002368282569355971,1,1
fear,0.00026968716289104636,4.634728988229636,0.0012499269116045403,2,1
february,0.00020226537216828477,4.634728988229636,0.0009374451837034052,1,1
federal,0.00025217500945656286,4.634728988229636,0.0011687628264354145,2,1
federation,0.0016294385226424061,3.9415818076696905,0.006422565237563485,4,2
fence,0.0008270406328658756,3.9415818076696905,0.003259848312707763,2,2
feud,0.0007468259895444362,4.634728988229636,0.0034613360629048816,1,1
field,0.00017337031900138694,4.634728988229636,0.0008035244431743473,1,1
fight,0.0009058862915772268,3.9415818076696905,0.003570624926698158,2,2
fighter,0.002184466019417476,3.9415818076696905,0.008610251521608547,2,2
find,0.002220297856021542,2.842969519001581,0.006312239127773804,6,6
fire,0.006958098944866165,2.842969519001581,0.019781663210451567,12,6
fisherman,0.0005711022272986865,4.634728988229636,0.0026469040481037326,1,1
flight,0.0003807348181991243,4.634728988229636,0.0017646026987358217,2,1
florida,0.0009990009990009992,3.9415818076696905,0.003937644163506185,3,2
fly,0.001746545435865824,3.9415818076696905,0.006884151716277262,3,2
follow,0.0006472491909385113,4.634728988229636,0.002999824587850897,1,1
food,0.00018318373328448433,4.634728988229636,0.0008490069588257255,1,1
foot,0.00013484358144552318,4.634728988229636,0.0006249634558022701,1,1
footstep,0.00014710208884966168,4.634728988229636,0.0006817783154206585,1,1
force,0.0035287164055687304,3.0252910757955354,0.010675394250780379,5,5
foreign,0.00013299640909695436,4.634728988229636,0.000616402312572102,1,1
forest,0.0011805543319295896,3.9415818076696905,0.004653251477699316,3,2
forever,0.0016181229773462782,4.634728988229636,0.007499561469627242,1,1
fourth,0.0005109862033725089,4.634728988229636,0.002368282569355971,1,1
france,0.0007468259895444362,4.634728988229636,0.0034613360629048816,2,1
free,0.0012550825657621776,3.5361166995615263,0.004438118420120164,3,3
friday,0.0007812025712511149,3.0252910757955354,0.002363365167194524,5,5
friend,0.00017337031900138694,4.634728988229636,0.0008035244431743473,1,1
frontier,0.0003595828838547285,4.634728988229636,0.0016665692154727205,2,1
frost,0.0019417475728155341,4.634728988229636,0.008999473763552692,1,1
fuel,0.0007468259895444362,4.634728988229636,0.0034613360629048816,1,1
game,0.0004480955937266617,4.634728988229636,0.002076801637742929,3,1
gang,0.00012608750472828143,4.634728988229636,0.0005843814132177073,1,1
gap,0.00012608750472828143,4.634728988229636,0.0005843814132177073,1,1
gaza,0.0005711022272986865,4.634728988229636,0.0026469040481037326,1,1
germany,0.00048543689320388353,4.634728988229636,0.002249868440888173,1,1
giant,0.0007468259895444362,4.634728988229636,0.0034613360629048816,1,1
girl,0.00017337031900138694,4.634728988229636,0.0008035244431743473,1,1
give,0.00014490653528474135,4.634728988229636,0.0006716025196681113,1,1
global,0.0003493674610179464,3.9415818076696905,0.0013770604285400874,2,2
globe,0.0005711022272986865,4.634728988229636,0.0026469040481037326,1,1
golf,0.00016181229773462783,4.634728988229636,0.0007499561469627243,1,1
government,0.0007542859605831708,3.9415818076696905,0.002973079820015283,2,2
granite,0.0007468259895444362,4.634728988229636,0.0034613360629048816,1,1
greece,0.0014153403024358753,3.9415818076696905,0.005578679587742964,3,2
group,0.0007204674252075737,3.9415818076696905,0.002839781296216796,2,2
grow,0.0005711022272986865,4.634728988229636,0.0026469040481037326,1,1
guard,0.0017533300185800641,3.9415818076696905,0.006910893704076341,3,2
guardian,0.00048658179153691146,3.9415818076696905,0.001917901937465216,3,2
guide,0.00020226537216828477,4.634728988229636,0.0009374451837034052,1,1
gun,0.00012608750472828143,4.634728988229636,0.0005843814132177073,1,1
hack,0.0005711022272986865,4.634728988229636,0.0026469040481037326,1,1
haitian,0.00025217500945656286,4.634728988229636,0.0011687628264354145,2,1
halmahera,0.0004045307443365696,3.9415818076696905,0.0015944910225201014,2,2
hang,0.00017337031900138694,4.634728988229636,0.0008035244431743473,1,1
hantavirus,0.004248293904204812,2.6888188391743224,0.011422892683975332,18,7
happen,0.0010820884306711955,3.9415818076696905,0.00426514007262343,2,2
harrison,0.0003467406380027739,4.634728988229636,0.0016070488863486946,2,1
head,0.0006723707348790471,3.5361166995615263,0.002377581383902254,4,3
headline,0.00031318509238960227,4.634728988229636,0.0014515280263794664,1,1
health,0.0005663430420711974,3.9415818076696905,0.0022322874315281417,3,2
heat,0.0019417475728155341,4.634728988229636,0.008999473763552692,1,1
heating,0.00014710208884966168,4.634728988229636,0.0006817783154206585,1,1
hectare,0.0008457702676510492,3.9415818076696905,0.0033336727004413006,2,2
heffron,0.00014936519790888724,4.634728988229636,0.0006922672125809763,1,1
hemarathana,0.0005711022272986865,4.634728988229636,0.0026469040481037326,1,1
hero,0.0012135922330097086,4.634728988229636,0.005624671102220431,1,1
high,0.0004512073686830969,3.9415818076696905,0.0017784707558878056,2,2
highlight,0.00017032873445750298,4.634728988229636,0.0007894275231186571,1,1
highway,0.0019417475728155341,4.634728988229636,0.008999473763552692,1,1
hiker,0.0006472491909385113,3.9415818076696905,0.0025511856360321624,3,2
hill,0.00012608750472828143,4.634728988229636,0.0005843814132177073,1,1
hire,0.00012608750472828143,4.634728988229636,0.0005843814132177073,1,1
history,0.00013299640909695436,4.634728988229636,0.000616402312572102,1,1
hit,0.005182797671300481,2.5552874465497997,0.013243537827481654,10,8
hold,0.0007542859605831708,3.9415818076696905,0.002973079820015283,2,2
home,0.0018754842783969,3.248434627109745,0.0060923880725444225,6,4
homeless,0.00013484358144552318,4.634728988229636,0.0006249634558022701,1,1
hondius,0.00034160373966199203,3.9415818076696905,0.001346459085683641,2,2
hong,0.0002659928181939087,4.634728988229636,0.001232804625144204,2,1
hospital,0.0031648421196498982,2.6888188391743224,0.008509687114327041,9,7
host,0.00017979144192736425,4.634728988229636,0.0008332846077363603,1,1
hour,0.00015169902912621358,4.634728988229636,0.0007030838877775539,1,1
house,0.005124056094929882,3.248434627109745,0.016645161250022966,4,4
housing,0.00040453074433656954,4.634728988229636,0.0018748903674068104,3,1
hromada,0.0012135922330097086,4.634728988229636,0.005624671102220431,1,1
hryvnia,0.00088261253309797,4.634728988229636,0.0040906698925239505,1,1
human,0.0006580882922221705,3.9415818076696905,0.0025939088404633224,2,2
humanity,0.000543741729229721,3.9415818076696905,0.002143202508002727,2,2
illegal,0.0003734129947722181,4.634728988229636,0.0017306680314524408,1,1
immediate,0.00024271844660194176,4.634728988229636,0.0011249342204440866,1,1
imprisonment,0.00014490653528474135,4.634728988229636,0.0006716025196681113,1,1
improve,0.00040453074433656954,4.634728988229636,0.0018748903674068104,2,1
incident,0.006743831028450343,2.5552874465497997,0.017232426768652186,8,8
include,0.0006067961165048543,4.634728988229636,0.0028123355511102156,1,1
increase,0.00014710208884966168,4.634728988229636,0.0006817783154206585,1,1
india,0.0005109862033725089,4.634728988229636,0.002368282569355971,3,1
indian,0.00034065746891500596,4.634728988229636,0.0015788550462373142,2,1
individual,0.0006472491909385113,4.634728988229636,0.002999824587850897,1,1
indonesia,0.0006472491909385113,3.9415818076696905,0.0025511856360321624,3,2
indonesian,0.0005663430420711974,3.9415818076696905,0.0022322874315281417,3,2
industrial,0.0016181229773462782,4.634728988229636,0.007499561469627242,1,1
infect,0.00014710208884966168,4.634728988229636,0.0006817783154206585,1,1
infected,0.00013484358144552318,4.634728988229636,0.0006249634558022701,1,1
infection,0.00014710208884966168,4.634728988229636,0.0006817783154206585,1,1
information,0.00013299640909695436,4.634728988229636,0.000616402312572102,1,1
infrastructure,0.0012135922330097086,4.634728988229636,0.005624671102220431,1,1
injure,0.011527706807471753,2.1498223384416355,0.024782521605708485,13,12
inner,0.00013484358144552318,4.634728988229636,0.0006249634558022701,1,1
insight,0.0002898130705694827,4.634728988229636,0.0013432050393362225,2,1
inspection,0.00040453074433656954,4.634728988229636,0.0018748903674068104,1,1
intelligence,0.00013299640909695436,4.634728988229636,0.000616402312572102,1,1
intensify,0.0006472491909385113,4.634728988229636,0.002999824587850897,1,1
intensive,0.00020226537216828477,4.634728988229636,0.0009374451837034052,1,1
inter,0.00014710208884966168,4.634728988229636,0.0006817783154206585,1,1
international,0.0007508936692260508,3.9415818076696905,0.0029597088261157437,2,2
interrogation,0.00014490653528474135,4.634728988229636,0.0006716025196681113,1,1
interview,0.00018318373328448433,4.634728988229636,0.0008490069588257255,1,1
invader,0.0016181229773462782,4.634728988229636,0.007499561469627242,1,1
investigate,0.0007468259895444362,4.634728988229636,0.0034613360629048816,1,1
investigation,0.0006865980871618204,3.9415818076696905,0.0027062825295378398,2,2
involve,0.0010319777310068572,3.9415818076696905,0.004067624650456874,2,2
iran,0.00014490653528474135,4.634728988229636,0.0006716025196681113,1,1
iranian,0.00014490653528474135,4.634728988229636,0.0006716025196681113,1,1
ireland,0.0003467406380027739,4.634728988229636,0.0016070488863486946,2,1
irgc,0.0005109862033725089,4.634728988229636,0.002368282569355971,1,1
island,0.001919273642574613,2.842969519001581,0.00545643646446276,7,6
isolation,0.0007468259895444362,4.634728988229636,0.0034613360629048816,2,1
issue,0.00088261253309797,4.634728988229636,0.0040906698925239505,1,1
item,0.0006067961165048543,4.634728988229636,0.0028123355511102156,1,1
jail,0.00018318373328448433,4.634728988229636,0.0008490069588257255,1,1
jewish,0.00014936519790888724,4.634728988229636,0.0006922672125809763,1,1
jitu,0.00034065746891500596,4.634728988229636,0.0015788550462373142,2,1
johannesburg,0.00040453074433656954,4.634728988229636,0.0018748903674068104,2,1
join,0.00031318509238960227,4.634728988229636,0.0014515280263794664,1,1
journalist,0.00030339805825242716,4.634728988229636,0.0014061677755551078,2,1
jovenel,0.00025217500945656286,4.634728988229636,0.0011687628264354145,2,1
judge,0.0007468259895444362,4.634728988229636,0.0034613360629048816,1,1
july,0.00012608750472828143,4.634728988229636,0.0005843814132177073,1,1
jump,0.0008270406328658756,3.9415818076696905,0.003259848312707763,2,2
katy,0.0006067961165048543,4.634728988229636,0.0028123355511102156,1,1
keir,0.0005711022272986865,4.634728988229636,0.0026469040481037326,1,1
kendrick,0.0002157497303128371,4.634728988229636,0.0009999415292836324,1,1
keonjhar,0.00017032873445750298,4.634728988229636,0.0007894275231186571,1,1
key,0.0008629989212513484,3.9415818076696905,0.003401580848042883,2,2
kharkiv,0.004467619758881895,3.248434627109745,0.014512770725511636,4,4
kherson,0.008217160401626422,2.842969519001581,0.023361136554570706,7,6
kick,0.00036636746656896867,4.634728988229636,0.001698013917651451,2,1
kill,0.006814944314944315,2.33214389523559,0.015893430780467874,12,10
killing,0.00012608750472828143,4.634728988229636,0.0005843814132177073,1,1
killycolpy,0.00017337031900138694,4.634728988229636,0.0008035244431743473,1,1
kirovohrad,0.0016181229773462782,4.634728988229636,0.007499561469627242,1,1
knife,0.0005109862033725089,4.634728988229636,0.002368282569355971,1,1
know,0.001399221059415234,3.5361166995615263,0.0049478089545763795,3,3
known,0.00017337031900138694,4.634728988229636,0.0008035244431743473,1,1
kompaniivska,0.0012135922330097086,4.634728988229636,0.005624671102220431,1,1
komyshan,0.0016181229773462782,4.634728988229636,0.007499561469627242,1,1
kong,0.0002659928181939087,4.634728988229636,0.001232804625144204,2,1
kramatorsk,0.0016181229773462782,4.634728988229636,0.007499561469627242,1,1
kumanjayi,0.0006067961165048543,4.634728988229636,0.0028123355511102156,1,1
kurshchyna,0.0013869625520110955,4.634728988229636,0.006428195545394778,1,1
lack,0.00017032873445750298,4.634728988229636,0.0007894275231186571,1,1
lamont,0.0002157497303128371,4.634728988229636,0.0009999415292836324,1,1
land,0.0005139920045688178,3.9415818076696905,0.0020259415344961286,3,2
language,0.00014936519790888724,4.634728988229636,0.0006922672125809763,1,1
lanka,0.0005711022272986865,4.634728988229636,0.0026469040481037326,1,1
large,0.001966927912692894,3.5361166995615263,0.006955286638907039,5,3
late,0.00031318509238960227,4.634728988229636,0.0014515280263794664,1,1
latvia,0.004282907821899366,3.248434627109745,0.013912746073377077,5,4
launch,0.00024894199651481205,4.634728988229636,0.0011537786876349603,1,1
laureate,0.0002898130705694827,4.634728988229636,0.0013432050393362225,2,1
law,0.00039898922729086314,4.634728988229636,0.0018492069377163065,3,1
lead,0.0002964672867585489,3.9415818076696905,0.0011685500640566896,2,2
leader,0.00013299640909695436,4.634728988229636,0.000616402312572102,1,1
leadership,0.0005711022272986865,4.634728988229636,0.0026469040481037326,1,1
leave,0.000499638647112328,3.5361166995615263,0.0017667805638002312,3,3
let,0.0003436990534588899,3.9415818076696905,0.001354717936426853,2,2
leung,0.00013299640909695436,4.634728988229636,0.000616402312572102,1,1
light,0.002115117891816921,3.9415818076696905,0.008336910203462243,2,2
like,0.0006067961165048543,4.634728988229636,0.0028123355511102156,1,1
line,0.0010787486515641855,4.634728988229636,0.004999707646418161,1,1
liner,0.0013754045307443365,3.9415818076696905,0.005421269476568344,3,2
link,0.0006067961165048543,4.634728988229636,0.0028123355511102156,1,1
list,0.00026968716289104636,4.634728988229636,0.0012499269116045403,2,1
little,0.0012540453074433655,3.9415818076696905,0.004942922169812313,2,2
live,0.0002948087068315822,3.9415818076696905,0.0011620126355899917,2,2
loan,0.0006067961165048543,4.634728988229636,0.0028123355511102156,1,1
local,0.0004130471810594447,3.9415818076696905,0.001628059254573156,2,2
localize,0.00033478406427854036,4.634728988229636,0.0015516334075090848,1,1
london,0.0005711022272986865,4.634728988229636,0.0026469040481037326,1,1
long,0.00014490653528474135,4.634728988229636,0.0006716025196681113,1,1
los,0.00017979144192736425,4.634728988229636,0.0008332846077363603,1,1
lose,0.0016181229773462782,4.634728988229636,0.007499561469627242,1,1
loved,0.00013484358144552318,4.634728988229636,0.0006249634558022701,1,1
lover,0.00031318509238960227,4.634728988229636,0.0014515280263794664,1,1
lviv,0.0019417475728155341,4.634728988229636,0.008999473763552692,1,1
lyut,0.0012135922330097086,4.634728988229636,0.005624671102220431,1,1
maccabi,0.00014936519790888724,4.634728988229636,0.0006922672125809763,1,1
magura,0.00042211903756859433,4.634728988229636,0.001956407339902759,1,1
main,0.0010787486515641855,4.634728988229636,0.004999707646418161,1,1
mainly,0.00013299640909695436,4.634728988229636,0.000616402312572102,1,1
male,0.00018318373328448433,4.634728988229636,0.0008490069588257255,1,1
man,0.0023270498633325603,2.842969519001581,0.006615731830651264,11,6
manage,0.00033478406427854036,4.634728988229636,0.0015516334075090848,1,1
manchester,0.00019036740909956216,4.634728988229636,0.0008823013493679108,1,1
mandelson,0.0006472491909385113,4.634728988229636,0.002999824587850897,1,1
marathon,0.001142204454597373,4.634728988229636,0.005293808096207465,2,1
marina,0.0007468259895444362,4.634728988229636,0.0034613360629048816,1,1
marine,0.0008442380751371887,4.634728988229636,0.003912814679805518,2,1
maroubra,0.0002987303958177745,4.634728988229636,0.0013845344251619525,2,1
martin,0.00020226537216828477,4.634728988229636,0.0009374451837034052,1,1
mary,0.00017337031900138694,4.634728988229636,0.0008035244431743473,1,1
mass,0.0024271844660194173,3.5361166995615263,0.008582807523207588,5,3
match,0.00014936519790888724,4.634728988229636,0.0006922672125809763,1,1
mcsweeney,0.001142204454597373,4.634728988229636,0.005293808096207465,2,1
meat,0.0006067961165048543,4.634728988229636,0.0028123355511102156,1,1
medical,0.0006134376660387383,3.9415818076696905,0.002417914744597646,4,2
medically,0.00020226537216828477,4.634728988229636,0.0009374451837034052,1,1
medium,0.001635711270578303,3.9415818076696905,0.006447289786711714,2,2
meeting,0.00020226537216828477,4.634728988229636,0.0009374451837034052,1,1
melitopol,0.0010787486515641855,4.634728988229636,0.004999707646418161,1,1
melnychuk,0.0016181229773462782,4.634728988229636,0.007499561469627242,1,1
member,0.00035396440129449835,3.9415818076696905,0.0013951796447050884,2,2
memoir,0.0002898130705694827,4.634728988229636,0.0013432050393362225,2,1
mercenary,0.00012608750472828143,4.634728988229636,0.0005843814132177073,1,1
merseyside,0.0005499502929542906,3.9415818076696905,0.0021676740698312485,3,2
metre,0.00016181229773462783,4.634728988229636,0.0007499561469627243,1,1
miami,0.0009990009990009992,3.9415818076696905,0.003937644163506185,3,2
mile,0.0006202804746494067,3.5361166995615263,0.002193384144819717,3,3
military,0.001237722137057855,3.9415818076696905,0.004878583058377292,3,2
million,0.0007468259895444362,4.634728988229636,0.0034613360629048816,1,1
minister,0.002897620056478589,3.5361166995615263,0.010246322670698351,5,3
minute,0.0006472491909385113,4.634728988229636,0.002999824587850897,1,1
mishchenko,0.0013869625520110955,4.634728988229636,0.006428195545394778,1,1
miss,0.0008090614886731391,3.9415818076696905,0.0031889820450402024,4,2
moalim,0.00036636746656896867,4.634728988229636,0.001698013917651451,2,1
mogadishu,0.00030339805825242716,4.634728988229636,0.0014061677755551078,2,1
mohame,0.00030339805825242716,4.634728988229636,0.0014061677755551078,2,1
mohamed,0.00015169902912621358,4.634728988229636,0.0007030838877775539,1,1
mohammadi,0.000434719605854224,4.634728988229636,0.0020148075590043337,3,1
mohamud,0.00015169902912621358,4.634728988229636,0.0007030838877775539,1,1
monday,0.0019417475728155341,4.634728988229636,0.008999473763552692,1,1
money,0.0004667449736432874,3.9415818076696905,0.001839713496933651,3,2
monitor,0.001396775966294193,3.9415818076696905,0.005505506738135444,2,2
monk,0.0005711022272986865,4.634728988229636,0.0026469040481037326,1,1
morgan,0.0005711022272986865,4.634728988229636,0.0026469040481037326,1,1
morning,0.001769822006472492,3.5361166995615263,0.006258297152338867,3,3
moroccan,0.0002157497303128371,4.634728988229636,0.0009999415292836324,1,1
morocco,0.0004314994606256742,4.634728988229636,0.001999883058567265,2,1
mount,0.0008090614886731392,3.9415818076696905,0.003188982045040203,4,2
multiple,0.0005109862033725089,4.634728988229636,0.002368282569355971,1,1
munda,0.00034065746891500596,4.634728988229636,0.0015788550462373142,2,1
murder,0.0003467406380027739,4.634728988229636,0.0016070488863486946,2,1
musk,0.0007468259895444362,4.634728988229636,0.0034613360629048816,1,1
mykolaiv,0.004341963322545847,3.248434627109745,0.014104584006598407,4,4
mykolayiv,0.0009708737864077671,4.634728988229636,0.004499736881776346,1,1
mystery,0.0005711022272986865,4.634728988229636,0.0026469040481037326,1,1
naked,0.00018318373328448433,4.634728988229636,0.0008490069588257255,1,1
narge,0.0002898130705694827,4.634728988229636,0.0013432050393362225,2,1
nathan,0.0002659928181939087,4.634728988229636,0.001232804625144204,2,1
nation,0.0006115243979321649,3.5361166995615263,0.002162421635717236,4,3
national,0.00016181229773462783,4.634728988229636,0.0007499561469627243,1,1
nato,0.0011866235167206042,3.9415818076696905,0.004677173666058964,2,2
naval,0.0005711022272986865,4.634728988229636,0.0026469040481037326,1,1
near,0.0018514610008911402,3.248434627109745,0.006014350026038047,4,4
nearly,0.00028194567029518483,3.9415818076696905,0.0011113119247867372,2,2
need,0.0006263701847792045,4.634728988229636,0.002903056052758933,2,1
neglect,0.0002898130705694827,4.634728988229636,0.0013432050393362225,2,1
netball,0.000597460791635549,4.634728988229636,0.002769068850323905,4,1
netherlands,0.00020226537216828477,4.634728988229636,0.0009374451837034052,1,1
new,0.00014936519790888724,4.634728988229636,0.0006922672125809763,1,1
news,0.0007482090006361851,3.5361166995615263,0.002645754341911855,5,3
night,0.0004978839930296241,4.634728988229636,0.0023075573752699206,2,1
nikopol,0.011365387578979813,2.6888188391743224,0.030559468236878762,7,7
nobel,0.0002898130705694827,4.634728988229636,0.0013432050393362225,2,1
nonsense,0.0007468259895444362,4.634728988229636,0.0034613360629048816,1,1
noongar,0.00013484358144552318,4.634728988229636,0.0006249634558022701,1,1
northern,0.0003467406380027739,4.634728988229636,0.0016070488863486946,2,1
november,0.00013299640909695436,4.634728988229636,0.000616402312572102,1,1
nsw,0.00014936519790888724,4.634728988229636,0.0006922672125809763,1,1
numerous,0.00014490653528474135,4.634728988229636,0.0006716025196681113,1,1
nyikina,0.00013484358144552318,4.634728988229636,0.0006249634558022701,1,1
oblast,0.007423703774557472,2.842969519001581,0.021105363549163876,6,6
occupier,0.0062683002003390345,3.0252910757955354,0.018963432656493046,5,5
occur,0.00020226537216828477,4.634728988229636,0.0009374451837034052,1,1
october,0.0005711022272986865,4.634728988229636,0.0026469040481037326,1,1
odesa,0.0024089349587561133,3.9415818076696905,0.009495014209292633,3,2
odisha,0.00017032873445750298,4.634728988229636,0.0007894275231186571,1,1
offensive,0.0004480955937266617,4.634728988229636,0.002076801637742929,3,1
offer,0.0003182768542861283,3.9415818076696905,0.0012545142586565404,2,2
office,0.0011582353943110203,3.9415818076696905,0.0045652795592154485,2,2
official,0.003443224483081407,2.5552874465497997,0.008798428297270842,10,8
oil,0.00031318509238960227,4.634728988229636,0.0014515280263794664,1,1
old,0.0033228417655479163,2.5552874465497997,0.008490815850375963,9,8
one,0.00013484358144552318,4.634728988229636,0.0006249634558022701,1,1
operation,0.0020913219656794753,3.5361166995615263,0.00739515852699903,5,3
organise,0.00031318509238960227,4.634728988229636,0.0014515280263794664,1,1
origin,0.0009932212648672807,3.9415818076696905,0.003914862868591553,2,2
outbreak,0.002264506861879792,3.248434627109745,0.007356102503457941,7,4
outrage,0.0006067961165048543,4.634728988229636,0.0028123355511102156,1,1
outside,0.00017032873445750298,4.634728988229636,0.0007894275231186571,1,1
overseas,0.00032362459546925567,4.634728988229636,0.0014999122939254486,2,1
oxford,0.00013299640909695436,4.634728988229636,0.000616402312572102,1,1
oxygen,0.00032362459546925567,4.634728988229636,0.0014999122939254486,2,1
paddington,0.0006263701847792045,4.634728988229636,0.002903056052758933,2,1
palestine,0.001142204454597373,4.634728988229636,0.005293808096207465,2,1
palestinians,0.0005109862033725089,4.634728988229636,0.002368282569355971,1,1
pallegama,0.0005711022272986865,4.634728988229636,0.0026469040481037326,1,1
pandemic,0.00017979144192736425,4.634728988229636,0.0008332846077363603,1,1
paratrooper,0.00032362459546925567,4.634728988229636,0.0014999122939254486,2,1
park,0.0005089480817636157,3.9415818076696905,0.0020060605001278537,3,2
participate,0.0002157497303128371,4.634728988229636,0.0009999415292836324,1,1
party,0.00014710208884966168,4.634728988229636,0.0006817783154206585,1,1
passenger,0.0026179124194543953,2.842969519001581,0.007442645211924527,12,6
past,0.00039384853179955337,3.9415818076696905,0.0015523862079185372,2,2
patagonia,0.000441306266548985,4.634728988229636,0.0020453349462619752,3,1
patricia,0.00017337031900138694,4.634728988229636,0.0008035244431743473,1,1
patsy,0.0003467406380027739,4.634728988229636,0.0016070488863486946,2,1
pause,0.0005711022272986865,4.634728988229636,0.0026469040481037326,1,1
peace,0.00014490653528474135,4.634728988229636,0.0006716025196681113,1,1
peaceful,0.00036636746656896867,4.634728988229636,0.001698013917651451,2,1
pedestrian,0.00017979144192736425,4.634728988229636,0.0008332846077363603,1,1
people,0.00946316026683636,2.069779630768099,0.019586656362991908,17,13
perimeter,0.0008270406328658756,3.9415818076696905,0.003259848312707763,2,2
person,0.0020177503187211927,3.248434627109745,0.006554530004195647,9,4
personnel,0.00016181229773462783,4.634728988229636,0.0007499561469627243,1,1
perth,0.00013484358144552318,4.634728988229636,0.0006249634558022701,1,1
peter,0.00013299640909695436,4.634728988229636,0.000616402312572102,1,1
phone,0.001142204454597373,4.634728988229636,0.005293808096207465,2,1
photo,0.0013869625520110955,4.634728988229636,0.006428195545394778,1,1
photograph,0.00013299640909695436,4.634728988229636,0.000616402312572102,1,1
pistol,0.00015169902912621358,4.634728988229636,0.0007030838877775539,1,1
place,0.00017032873445750298,4.634728988229636,0.0007894275231186571,1,1
plane,0.0023478647122279336,3.248434627109745,0.007626885030970277,7,4
plot,0.00025217500945656286,4.634728988229636,0.0011687628264354145,2,1
plus,0.00031318509238960227,4.634728988229636,0.0014515280263794664,1,1
podcast,0.0002842087793544104,3.9415818076696905,0.0011202321542833533,2,2
pokrovsky,0.0013869625520110955,4.634728988229636,0.006428195545394778,1,1
poland,0.0019417475728155341,4.634728988229636,0.008999473763552692,1,1
police,0.002351071454383387,3.248434627109745,0.007637301923228264,8,4
political,0.00012608750472828143,4.634728988229636,0.0005843814132177073,1,1
popular,0.0007468259895444362,4.634728988229636,0.0034613360629048816,1,1
port,0.00037826251418484426,4.634728988229636,0.0017531442396531214,3,1
position,0.0015419760137064533,3.9415818076696905,0.006077824603488386,2,2
power,0.0010787486515641855,4.634728988229636,0.004999707646418161,1,1
powerful,0.00012608750472828143,4.634728988229636,0.0005843814132177073,1,1
premier,0.00020226537216828477,4.634728988229636,0.0009374451837034052,1,1
president,0.00037826251418484426,4.634728988229636,0.0017531442396531214,3,1
prime,0.0008842873196882887,3.9415818076696905,0.0034854908120363504,2,2
prince,0.00037826251418484426,4.634728988229636,0.0017531442396531214,3,1
priority,0.00013484358144552318,4.634728988229636,0.0006249634558022701,1,1
prison,0.0014778981254478377,3.248434627109745,0.004800855446045338,8,4
private,0.004007656313481556,3.0252910757955354,0.012124326880031386,5,5
prize,0.00014490653528474135,4.634728988229636,0.0006716025196681113,1,1
process,0.0006472491909385113,4.634728988229636,0.002999824587850897,1,1
proof,0.00017032873445750298,4.634728988229636,0.0007894275231186571,1,1
prosecutor,0.00012608750472828143,4.634728988229636,0.0005843814132177073,1,1
protest,0.0004993638756659231,3.9415818076696905,0.001968283567732232,3,2
prove,0.00017032873445750298,4.634728988229636,0.0007894275231186571,1,1
provide,0.00176522506619594,3.9415818076696905,0.006957779007360442,2,2
provoke,0.00088261253309797,4.634728988229636,0.0040906698925239505,1,1
public,0.00026968716289104636,4.634728988229636,0.0012499269116045403,2,1
publish,0.00014490653528474135,4.634728988229636,0.0006716025196681113,1,1
pugach,0.0012135922330097086,4.634728988229636,0.005624671102220431,1,1
purposefully,0.0016181229773462782,4.634728988229636,0.007499561469627242,1,1
putin,0.002773925104022191,3.9415818076696905,0.010933652725852122,2,2
qatar,0.0010219724067450178,4.634728988229636,0.004736565138711942,2,1
quarantine,0.0005499502929542906,3.9415818076696905,0.0021676740698312485,3,2
quarry,0.0007468259895444362,4.634728988229636,0.0034613360629048816,1,1
question,0.00015169902912621358,4.634728988229636,0.0007030838877775539,1,1
rag,0.00033478406427854036,4.634728988229636,0.0015516334075090848,1,1
raise,0.00013299640909695436,4.634728988229636,0.000616402312572102,1,1
rape,0.0005711022272986865,4.634728988229636,0.0026469040481037326,1,1
rare,0.00014490653528474135,4.634728988229636,0.0006716025196681113,1,1
rav,0.00031318509238960227,4.634728988229636,0.0014515280263794664,1,1
reach,0.00013484358144552318,4.634728988229636,0.0006249634558022701,1,1
reason,0.00031318509238960227,4.634728988229636,0.0014515280263794664,1,1
receive,0.0028572645205246125,3.5361166995615263,0.01010362078609174,4,3
recently,0.00017032873445750298,4.634728988229636,0.0007894275231186571,1,1
record,0.000611524397932165,3.9415818076696905,0.002410373441835582,2,2
recover,0.00075512405609493,3.9415818076696905,0.002976383242037523,4,2
reduce,0.0019417475728155341,4.634728988229636,0.008999473763552692,1,1
refuse,0.00034065746891500596,4.634728988229636,0.0015788550462373142,2,1
region,0.022917504245363565,1.5902065505062128,0.03644356537223108,24,21
release,0.00015169902912621358,4.634728988229636,0.0007030838877775539,1,1
remain,0.0013335320501902004,3.5361166995615263,0.004715524952078087,5,3
remote,0.0006472491909385113,3.9415818076696905,0.0025511856360321624,4,2
repeat,0.0013869625520110955,4.634728988229636,0.006428195545394778,1,1
report,0.002287012224190979,3.248434627109745,0.0074292097016852516,5,4
reporter,0.00015169902912621358,4.634728988229636,0.0007030838877775539,1,1
reporting,0.00015169902912621358,4.634728988229636,0.0007030838877775539,1,1
request,0.00031318509238960227,4.634728988229636,0.0014515280263794664,1,1
rescuer,0.004973403266004538,3.0252910757955354,0.015045992516975899,6,5
research,0.00017337031900138694,4.634728988229636,0.0008035244431743473,1,1
residence,0.00012608750472828143,4.634728988229636,0.0005843814132177073,1,1
resident,0.004773462783171522,3.5361166995615263,0.01687952146230826,3,3
residential,0.002423035432744171,3.5361166995615263,0.008568136057355952,3,3
resign,0.0020133327367903003,3.9415818076696905,0.007935715688118477,3,2
resounding,0.0006472491909385113,4.634728988229636,0.002999824587850897,1,1
respond,0.0013869625520110955,4.634728988229636,0.006428195545394778,1,1
restaurant,0.00015169902912621358,4.634728988229636,0.0007030838877775539,1,1
restriction,0.00016181229773462783,4.634728988229636,0.0007499561469627243,1,1
result,0.001225850740413847,3.9415818076696905,0.00483179097733364,2,2
retrace,0.00014710208884966168,4.634728988229636,0.0006817783154206585,1,1
retrieve,0.00016181229773462783,4.634728988229636,0.0007499561469627243,1,1
return,0.004024996779137271,3.0252910757955354,0.012176786836029758,6,5
revered,0.0005711022272986865,4.634728988229636,0.0026469040481037326,1,1
rickshaw,0.00018318373328448433,4.634728988229636,0.0008490069588257255,1,1
ridge,0.00040453074433656954,4.634728988229636,0.0018748903674068104,2,1
rights,0.0005109862033725089,4.634728988229636,0.002368282569355971,1,1
ring,0.00013299640909695436,4.634728988229636,0.000616402312572102,1,1
rise,0.00024894199651481205,4.634728988229636,0.0011537786876349603,1,1
risk,0.00013484358144552318,4.634728988229636,0.0006249634558022701,1,1
rock,0.00016181229773462783,4.634728988229636,0.0007499561469627243,1,1
rodent,0.00014710208884966168,4.634728988229636,0.0006817783154206585,1,1
roof,0.0016181229773462782,4.634728988229636,0.007499561469627242,1,1
room,0.00018318373328448433,4.634728988229636,0.0008490069588257255,1,1
rough,0.00026968716289104636,4.634728988229636,0.0012499269116045403,2,1
route,0.0010787486515641855,4.634728988229636,0.004999707646418161,1,1
runner,0.0005711022272986865,4.634728988229636,0.0026469040481037326,1,1
runway,0.0010068320747932398,3.9415818076696905,0.003968510989383363,3,2
rural,0.00029420417769932336,4.634728988229636,0.001363556630841317,2,1
russia,0.002184466019417476,3.9415818076696905,0.008610251521608547,2,2
russian,0.014624264624264622,2.1498223384416355,0.031439570772525856,15,12
russians,0.008306364617044228,2.842969519001581,0.02361474141996998,6,6
sadia,0.00036636746656896867,4.634728988229636,0.001698013917651451,2,1
safe,0.00026968716289104636,4.634728988229636,0.0012499269116045403,2,1
safely,0.00017979144192736425,4.634728988229636,0.0008332846077363603,1,1
safety,0.0008090614886731391,3.9415818076696905,0.0031889820450402024,2,2
saint,0.00014936519790888724,4.634728988229636,0.0006922672125809763,1,1
samurai,0.0006067961165048543,4.634728988229636,0.0028123355511102156,1,1
sandton,0.00020226537216828477,4.634728988229636,0.0009374451837034052,1,1
saturday,0.0006786262550825657,3.248434627109745,0.0022044730258760172,4,4
say,0.002518044530603942,2.236833715431265,0.005632446903012191,14,11
scale,0.0008313804262917085,3.9415818076696905,0.00327695396352407,3,2
scammer,0.00031318509238960227,4.634728988229636,0.0014515280263794664,1,1
scar,0.0009708737864077671,4.634728988229636,0.004499736881776346,1,1
scenario,0.0005711022272986865,4.634728988229636,0.0026469040481037326,1,1
school,0.002153531315438797,3.9415818076696905,0.008488319855180539,7,2
scientist,0.00029420417769932336,4.634728988229636,0.001363556630841317,2,1
scooter,0.0012944983818770227,4.634728988229636,0.005999649175701794,2,1
search,0.0005393743257820927,3.9415818076696905,0.0021259880300268015,3,2
searcher,0.0002157497303128371,4.634728988229636,0.0009999415292836324,1,1
secondary,0.00040453074433656954,4.634728988229636,0.0018748903674068104,2,1
sector,0.0013869625520110955,4.634728988229636,0.006428195545394778,1,1
security,0.00016181229773462783,4.634728988229636,0.0007499561469627243,1,1
seize,0.0006067961165048543,4.634728988229636,0.0028123355511102156,1,1
sell,0.0005711022272986865,4.634728988229636,0.0026469040481037326,1,1
send,0.003398058252427185,3.248434627109745,0.011038370092120494,5,4
senior,0.0006472491909385113,4.634728988229636,0.002999824587850897,1,1
sensitive,0.00013299640909695436,4.634728988229636,0.000616402312572102,1,1
sensitivity,0.0006067961165048543,4.634728988229636,0.0028123355511102156,1,1
sepsis,0.00013484358144552318,4.634728988229636,0.0006249634558022701,1,1
september,0.00017337031900138694,4.634728988229636,0.0008035244431743473,1,1
septicemia,0.00013484358144552318,4.634728988229636,0.0006249634558022701,1,1
serhii,0.0013869625520110955,4.634728988229636,0.006428195545394778,1,1
seriously,0.0005109862033725089,4.634728988229636,0.002368282569355971,1,1
serve,0.00013299640909695436,4.634728988229636,0.000616402312572102,1,1
service,0.00013299640909695436,4.634728988229636,0.000616402312572102,1,1
set,0.00016181229773462783,4.634728988229636,0.0007499561469627243,1,1
settler,0.0005109862033725089,4.634728988229636,0.002368282569355971,1,1
seven,0.0009178428653014604,3.9415818076696905,0.0036177527401716585,3,2
shark,0.0006067961165048543,4.634728988229636,0.0028123355511102156,1,1
shed,0.00017337031900138694,4.634728988229636,0.0008035244431743473,1,1
shell,0.0020496224379719526,3.9415818076696905,0.008078754514101847,2,2
shield,0.0012135922330097086,4.634728988229636,0.005624671102220431,1,1
ship,0.0039861503408649395,2.6888188391743224,0.010718036132298795,14,7
shock,0.00034065746891500596,4.634728988229636,0.0015788550462373142,2,1
shocking,0.00031318509238960227,4.634728988229636,0.0014515280263794664,1,1
shoot,0.00012608750472828143,4.634728988229636,0.0005843814132177073,1,1
shooting,0.0006067961165048543,4.634728988229636,0.0028123355511102156,3,1
shop,0.0004865554113909892,3.9415818076696905,0.0019177979579619651,2,2
shot,0.0007468259895444362,4.634728988229636,0.0034613360629048816,1,1
show,0.0015776699029126215,3.9415818076696905,0.006218514987828396,2,2
showdown,0.0007468259895444362,4.634728988229636,0.0034613360629048816,1,1
sibiga,0.00176522506619594,3.9415818076696905,0.006957779007360442,2,2
sick,0.00013484358144552318,4.634728988229636,0.0006249634558022701,1,1
sight,0.00017032873445750298,4.634728988229636,0.0007894275231186571,1,1
silence,0.0010787486515641855,4.634728988229636,0.004999707646418161,1,1
silent,0.0006067961165048543,4.634728988229636,0.0028123355511102156,1,1
silini,0.00031318509238960227,4.634728988229636,0.0014515280263794664,1,1
singaporeans,0.0008090614886731392,3.9415818076696905,0.003188982045040203,4,2
sir,0.0005711022272986865,4.634728988229636,0.0026469040481037326,1,1
sister,0.0005109862033725089,4.634728988229636,0.002368282569355971,3,1
site,0.00040453074433656954,4.634728988229636,0.0018748903674068104,2,1
sleep,0.00040453074433656954,4.634728988229636,0.0018748903674068104,3,1
slow,0.00031318509238960227,4.634728988229636,0.0014515280263794664,1,1
small,0.00033028582213414596,3.9415818076696905,0.0013018485878551768,2,2
smuggle,0.0002898130705694827,4.634728988229636,0.0013432050393362225,2,1
sobering,0.00013299640909695436,4.634728988229636,0.000616402312572102,1,1
software,0.0005711022272986865,4.634728988229636,0.0026469040481037326,1,1
soldier,0.0029000126087504728,3.0252910757955354,0.008773382264947335,8,5
solitary,0.0002898130705694827,4.634728988229636,0.0013432050393362225,2,1
somali,0.0004550970873786408,4.634728988229636,0.002109251663332662,3,1
somalia,0.0005180664956951822,3.9415818076696905,0.0020420014745953182,3,2
soon,0.00014490653528474135,4.634728988229636,0.0006716025196681113,1,1
south,0.0007656178772683627,3.248434627109745,0.0024870596236528084,5,4
southern,0.0007468259895444362,4.634728988229636,0.0034613360629048816,1,1
spain,0.00048543689320388353,4.634728988229636,0.002249868440888173,1,1
spanish,0.00040453074433656954,4.634728988229636,0.0018748903674068104,1,1
spark,0.0007865875584322186,3.9415818076696905,0.0031003992104557524,2,2
spew,0.00016181229773462783,4.634728988229636,0.0007499561469627243,1,1
spokesperson,0.00017979144192736425,4.634728988229636,0.0008332846077363603,1,1
spot,0.00031318509238960227,4.634728988229636,0.0014515280263794664,1,1
spotlight,0.00014710208884966168,4.634728988229636,0.0006817783154206585,1,1
spread,0.0008051903810718323,3.9415818076696905,0.0031737237577433596,3,2
sprud,0.00031318509238960227,4.634728988229636,0.0014515280263794664,1,1
spy,0.00039898922729086314,4.634728988229636,0.0018492069377163065,3,1
spying,0.00013299640909695436,4.634728988229636,0.000616402312572102,1,1
sri,0.0005711022272986865,4.634728988229636,0.0026469040481037326,1,1
stab,0.0005109862033725089,4.634728988229636,0.002368282569355971,1,1
staff,0.0005711022272986865,4.634728988229636,0.0026469040481037326,1,1
stand,0.0005711022272986865,4.634728988229636,0.0026469040481037326,1,1
starmer,0.001142204454597373,4.634728988229636,0.005293808096207465,2,1
start,0.00017979144192736425,4.634728988229636,0.0008332846077363603,1,1
state,0.001052941267555473,3.9415818076696905,0.004150254144741316,2,2
statement,0.0002157497303128371,4.634728988229636,0.0009999415292836324,1,1
station,0.0003467406380027739,4.634728988229636,0.0016070488863486946,2,1
steal,0.001142204454597373,4.634728988229636,0.005293808096207465,2,1
storage,0.00031318509238960227,4.634728988229636,0.0014515280263794664,1,1
strand,0.00016181229773462783,4.634728988229636,0.0007499561469627243,1,1
street,0.00030517231590302616,3.9415818076696905,0.0012028616485677958,2,2
strengthen,0.0012135922330097086,4.634728988229636,0.005624671102220431,1,1
stretch,0.00014490653528474135,4.634728988229636,0.0006716025196681113,1,1
strike,0.004539900897621297,2.842969519001581,0.012906799871225264,7,6
strip,0.00018318373328448433,4.634728988229636,0.0008490069588257255,1,1
stripped,0.00018318373328448433,4.634728988229636,0.0008490069588257255,1,1
student,0.00013299640909695436,4.634728988229636,0.000616402312572102,1,1
study,0.0008442380751371887,4.634728988229636,0.003912814679805518,2,1
style,0.0013869625520110955,4.634728988229636,0.006428195545394778,1,1
submit,0.0019417475728155341,4.634728988229636,0.008999473763552692,1,1
sumy,0.004715672676837725,3.5361166995615263,0.016675168902231887,3,3
sunday,0.0011808067347758952,3.248434627109745,0.003835773485170411,5,4
supply,0.00044971210019753707,3.9415818076696905,0.001772577032827541,3,2
surprised,0.0002659928181939087,4.634728988229636,0.001232804625144204,2,1
survive,0.0005711022272986865,4.634728988229636,0.0026469040481037326,1,1
survivor,0.00020226537216828477,4.634728988229636,0.0009374451837034052,1,1
suspect,0.0031569872160962967,3.0252910757955354,0.009550805251256718,8,5
suspicion,0.00013299640909695436,4.634728988229636,0.000616402312572102,1,1
swathe,0.0005711022272986865,4.634728988229636,0.0026469040481037326,1,1
sword,0.0006067961165048543,4.634728988229636,0.0028123355511102156,1,1
sybig,0.0013869625520110955,4.634728988229636,0.006428195545394778,1,1
sydney,0.0002987303958177745,4.634728988229636,0.0013845344251619525,2,1
system,0.0013407041607723135,3.5361166995615263,0.004740886372078599,3,3
systematic,0.00014490653528474135,4.634728988229636,0.0006716025196681113,1,1
tactical,0.00012608750472828143,4.634728988229636,0.0005843814132177073,1,1
take,0.0016593139145342963,2.842969519001581,0.004717378881476199,7,6
takeaway,0.0006472491909385113,4.634728988229636,0.002999824587850897,1,1
takeoff,0.0005393743257820927,4.634728988229636,0.0024998538232090806,3,1
target,0.0029126213592233015,3.9415818076696905,0.011480335362144732,2,2
tcc,0.0010219724067450178,4.634728988229636,0.004736565138711942,2,1
team,0.0003651149282217244,3.9415818076696905,0.0014391303587873738,2,2
tear,0.00040453074433656954,4.634728988229636,0.0018748903674068104,2,1
tech,0.0007468259895444362,4.634728988229636,0.0034613360629048816,1,1
teen,0.0005711022272986865,4.634728988229636,0.0026469040481037326,1,1
tell,0.00101361665750748,3.9415818076696905,0.003995252977182443,3,2
tenerife,0.0013695877487996276,3.5361166995615263,0.00484302211004524,5,3
ternopil,0.0016181229773462782,4.634728988229636,0.007499561469627242,1,1
territory,0.00032362459546925567,4.634728988229636,0.0014999122939254486,2,1
terror,0.0006067961165048543,4.634728988229636,0.0028123355511102156,1,1
terrorism,0.00015169902912621358,4.634728988229636,0.0007030838877775539,1,1
thero,0.0005711022272986865,4.634728988229636,0.0026469040481037326,1,1
thick,0.00016181229773462783,4.634728988229636,0.0007499561469627243,1,1
thirty,0.00014710208884966168,4.634728988229636,0.0006817783154206585,1,1
thousand,0.002595919214994029,3.5361166995615263,0.009179473286853035,4,3
threat,0.0033185655457890874,3.0252910757955354,0.010039626730118266,5,5
thursday,0.0007040986363956408,3.9415818076696905,0.0027752623760220942,2,2
time,0.00029200862413440303,3.9415818076696905,0.0011509758805708194,2,2
titan,0.0007468259895444362,4.634728988229636,0.0034613360629048816,1,1
ton,0.0007468259895444362,4.634728988229636,0.0034613360629048816,1,1
torture,0.001378314316366089,3.248434627109745,0.0044773639523247,6,4
town,0.00024271844660194176,4.634728988229636,0.0011249342204440866,1,1
toy,0.0006472491909385113,4.634728988229636,0.002999824587850897,1,1
trace,0.0006067961165048543,4.634728988229636,0.0028123355511102156,1,1
train,0.00015169902912621358,4.634728988229636,0.0007030838877775539,1,1
training,0.0002157497303128371,4.634728988229636,0.0009999415292836324,1,1
transfer,0.0003595828838547285,4.634728988229636,0.0016665692154727205,2,1
transmission,0.000441306266548985,4.634728988229636,0.0020453349462619752,3,1
transport,0.0006472491909385113,4.634728988229636,0.002999824587850897,1,1
traumatise,0.0006067961165048543,4.634728988229636,0.0028123355511102156,1,1
treat,0.00017337031900138694,4.634728988229636,0.0008035244431743473,1,1
treatment,0.000472996803853967,3.9415818076696905,0.0018643555971567052,3,2
trial,0.001005909903369672,3.5361166995615263,0.0035570148075598183,3,3
trigger,0.00013484358144552318,4.634728988229636,0.0006249634558022701,1,1
tristan,0.00032362459546925567,4.634728988229636,0.0014999122939254486,2,1
troop,0.0009957679860592482,3.9415818076696905,0.003924900978511019,3,2
truce,0.0035444598551394664,3.5361166995615263,0.012533623684684095,3,3
truck,0.00332871012482663,3.9415818076696905,0.01312038327102255,2,2
tumbler,0.00040453074433656954,4.634728988229636,0.0018748903674068104,2,1
turn,0.0019417475728155341,4.634728988229636,0.008999473763552692,1,1
twice,0.0009708737864077671,4.634728988229636,0.004499736881776346,1,1
type,0.00024894199651481205,4.634728988229636,0.0011537786876349603,1,1
tyrone,0.00017337031900138694,4.634728988229636,0.0008035244431743473,1,1
uah,0.0016181229773462782,4.634728988229636,0.007499561469627242,1,1
uav,0.0013869625520110955,4.634728988229636,0.006428195545394778,1,1
uavs,0.00024894199651481205,4.634728988229636,0.0011537786876349603,1,1
ukraine,0.010535080178535149,2.33214389523559,0.024569322924188217,14,10
ukrainian,0.009897154440645118,2.33214389523559,0.02308158830895432,10,10
ukrenergo,0.0019417475728155341,4.634728988229636,0.008999473763552692,1,1
understand,0.00020226537216828477,4.634728988229636,0.0009374451837034052,1,1
unidentified,0.0011582353943110203,3.9415818076696905,0.0045652795592154485,2,2
union,0.00013299640909695436,4.634728988229636,0.000616402312572102,1,1
unit,0.00015169902912621358,4.634728988229636,0.0007030838877775539,1,1
university,0.001142204454597373,4.634728988229636,0.005293808096207465,2,1
unmanned,0.0022825784533380194,3.5361166995615263,0.00807146378690789,4,3
update,0.00017979144192736425,4.634728988229636,0.0008332846077363603,1,1
urge,0.0012135922330097086,4.634728988229636,0.005624671102220431,1,1
usedom,0.0006067961165048543,4.634728988229636,0.0028123355511102156,1,1
vacuum,0.00012608750472828143,4.634728988229636,0.0005843814132177073,1,1
vehicle,0.0017114762260393326,3.9415818076696905,0.006745923556815812,3,2
venerable,0.0005711022272986865,4.634728988229636,0.0026469040481037326,1,1
vessel,0.0007614696363982486,3.9415818076696905,0.0030013948659201907,2,2
vest,0.00012608750472828143,4.634728988229636,0.0005843814132177073,1,1
vetting,0.0006472491909385113,4.634728988229636,0.002999824587850897,1,1
victim,0.0025983320886233505,3.5361166995615263,0.009188005489587609,3,3
video,0.0009171547240019391,3.9415818076696905,0.0036150403749443593,2,2
village,0.00038982053545160344,3.9415818076696905,0.0015365095307920977,2,2
violation,0.0010787486515641855,4.634728988229636,0.004999707646418161,1,1
violent,0.0006067961165048543,4.634728988229636,0.0028123355511102156,1,1
visit,0.0003467406380027739,4.634728988229636,0.0016070488863486946,2,1
volcanic,0.00032362459546925567,4.634728988229636,0.0014999122939254486,2,1
volcano,0.0006472491909385113,3.9415818076696905,0.0025511856360321624,3,2
volodymyr,0.0016181229773462782,4.634728988229636,0.007499561469627242,1,1
volyn,0.001960418222554145,3.9415818076696905,0.007727148801443568,2,2
vow,0.0005711022272986865,4.634728988229636,0.0026469040481037326,1,1
wai,0.00013299640909695436,4.634728988229636,0.000616402312572102,1,1
wait,0.00013484358144552318,4.634728988229636,0.0006249634558022701,1,1
waiting,0.00013484358144552318,4.634728988229636,0.0006249634558022701,1,1
wale,0.00014936519790888724,4.634728988229636,0.0006922672125809763,1,1
walk,0.00017979144192736425,4.634728988229636,0.0008332846077363603,1,1
want,0.0006067961165048543,4.634728988229636,0.0028123355511102156,1,1
war,0.0009445152220709046,3.9415818076696905,0.0037228840163817754,2,2
warfare,0.00088261253309797,4.634728988229636,0.0040906698925239505,1,1
warn,0.00026968716289104636,4.634728988229636,0.0012499269116045403,2,1
water,0.0002157497303128371,4.634728988229636,0.0009999415292836324,1,1
watson,0.0006067961165048543,4.634728988229636,0.0028123355511102156,1,1
week,0.00039392749527075895,3.5361166995615263,0.001392973594443375,3,3
well,0.0013869625520110955,3.9415818076696905,0.005466826362926061,2,2
west,0.0010219724067450178,4.634728988229636,0.004736565138711942,2,1
wilding,0.00031318509238960227,4.634728988229636,0.0014515280263794664,1,1
william,0.0003467406380027739,4.634728988229636,0.0016070488863486946,2,1
wirral,0.00017979144192736425,4.634728988229636,0.0008332846077363603,1,1
withdraw,0.00017032873445750298,4.634728988229636,0.0007894275231186571,1,1
woman,0.00343302168613581,2.5552874465497997,0.008772357218316063,15,8
woodley,0.00013484358144552318,4.634728988229636,0.0006249634558022701,1,1
worker,0.00014710208884966168,4.634728988229636,0.0006817783154206585,1,1
world,0.0009085717252479103,3.5361166995615263,0.003212815650398562,3,3
wound,0.0011177823198773632,3.9415818076696905,0.004405830456963437,2,2
write,0.0003246979772121056,3.9415818076696905,0.001279823639966383,2,2
writing,0.0002898130705694827,4.634728988229636,0.0013432050393362225,2,1
wylie,0.0005201109570041609,4.634728988229636,0.002410573329523042,3,1
yaga,0.0009708737864077671,4.634728988229636,0.004499736881776346,1,1
year,0.007013412486699989,2.236833715431265,0.015687837510477164,15,11
yield,0.0019417475728155341,4.634728988229636,0.008999473763552692,1,1
young,0.0013869625520110955,4.634728988229636,0.006428195545394778,1,1
yuen,0.00013299640909695436,4.634728988229636,0.000616402312572102,1,1
zone,0.0018421933642274416,3.5361166995615263,0.006514210719066086,5,3
